2084044932,オークション > 家電、AV、カメラ > カメラ、光学機器 > ビデオカメラ > デジタルビデオカメラ > パナソニック,家電＆カメラ ? カメラ ? ビデオカメラ>パナソニック(Panasonic)
2084261644,オークション > 家電、AV、カメラ > カメラ、光学機器 > デジタルカメラ > コンパクトデジタルカメラ > ニコン,家電＆カメラ ? カメラ ? デジタルカメラ ? コンパクト>Nikon
23972,オークション > 住まい、インテリア > 防災、セキュリティ > セキュリティ > 防犯カメラ,家電＆カメラ ? カメラ ? 防犯・監視カメラ ? 防犯カメラ ? ドーム型防犯カメラ>Lefun
2084305449,オークション > 家電、AV、カメラ > カメラ、光学機器 > デジタルカメラ > ミラーレス一眼 > パナソニック,家電＆カメラ ? カメラ ? デジタルカメラ ? デジタル一眼 ? ミラーレス一眼>パナソニック(Panasonic)
2084286587,オークション > 自動車、オートバイ > カーナビ > 取付キット、スタンド > その他,車＆バイク ? カーナビ・カーエレクトロニクス ? ドライブレコーダー本体
23948,オークション > 家電、AV、カメラ > カメラ、光学機器 > ビデオカメラ > その他,家電＆カメラ ? カメラ ? ビデオカメラ
2084291435,オークション > 自動車、オートバイ > アクセサリー > ドライブレコーダー > その他,車＆バイク ? カーナビ・カーエレクトロニクス ? ドライブレコーダー本体
23876,オークション > 自動車、オートバイ > カーオーディオ > その他,車＆バイク ? カーナビ・カーエレクトロニクス ? ドライブレコーダー本体
2084219572,オークション > 家電、AV、カメラ > オーディオ機器 > ヘッドフォン、イヤフォン > イヤフォン > その他,家電＆カメラ ? イヤホン・ヘッドホン ? イヤホン・ヘッドホン本体 ? イヤホン
2084219568,オークション > 家電、AV、カメラ > オーディオ機器 > ヘッドフォン、イヤフォン > イヤフォン > ソニー,家電＆カメラ ? イヤホン・ヘッドホン ? イヤホン・ヘッドホン本体 ? イヤホン>ソニー(SONY)
2084219567,オークション > 家電、AV、カメラ > オーディオ機器 > ヘッドフォン、イヤフォン > イヤフォン > BOSE,家電＆カメラ ? イヤホン・ヘッドホン ? イヤホン・ヘッドホン本体 ? イヤホン>BOSE(ボーズ)
2084315956,オークション > 家電、AV、カメラ > 携帯電話、スマートフォン > アクセサリー > iPhone用ケース > iPhone 7/8用,家電＆カメラ ? 携帯電話・スマートフォン ? 携帯電話・スマートフォンアクセサリ ? ケース・カバー>DUXDUCIS
2084306951,オークション > 家電、AV、カメラ > 携帯電話、スマートフォン > アクセサリー > ケース > その他,家電＆カメラ ? 携帯電話・スマートフォン ? 携帯電話・スマートフォンアクセサリ ? ケース・カバー
2084005062,オークション > 家電、AV、カメラ > 携帯電話、スマートフォン > アクセサリー > その他,家電＆カメラ ? 携帯電話・スマートフォン ? 携帯電話・スマートフォンアクセサリ ? ケース・カバー
2084306950,オークション > 家電、AV、カメラ > 携帯電話、スマートフォン > アクセサリー > ケース > レザーケース,家電＆カメラ ? 携帯電話・スマートフォン ? 携帯電話・スマートフォンアクセサリ ? ケース・カバー>Deft
2084316071,オークション > 家電、AV、カメラ > 携帯電話、スマートフォン > アクセサリー > iPhone用ケース > iPhone XS Max用,家電＆カメラ ? 携帯電話・スマートフォン ? 携帯電話・スマートフォンアクセサリ ? ケース・カバー>kaadmyk
2084062234,オークション > スポーツ、レジャー > スポーツ別 > スキューバダイビング > アクセサリー > その他,家電＆カメラ ? 携帯電話・スマートフォン ? 携帯電話・スマートフォンアクセサリ ? 防水バッグ
2084316072,オークション > 家電、AV、カメラ > 携帯電話、スマートフォン > アクセサリー > iPhone用ケース > iPhone XR用,家電＆カメラ ? 携帯電話・スマートフォン ? 携帯電話・スマートフォンアクセサリ ? ケース・カバー>Sinjimoru
2084239865,オークション > 住まい、インテリア > 家具、インテリア > 照明 > 卓上スタンド > デスクライト,ホーム＆キッチン ? 家電 ? 照明 ? 屋内照明 ? デスクライト>Flaradise
2084304504,オークション > 住まい、インテリア > 工具、DIY用品 > 建築材料、住宅設備 > 電材、配電用品 > コンセント,産業・研究開発用品 ? 電設 ? 電設用部品・資材>ジンボデンキ (JIMBO)
2084304506,オークション > 住まい、インテリア > 工具、DIY用品 > 建築材料、住宅設備 > 電材、配電用品 > スイッチプレート、スイッチカバー,産業・研究開発用品 ? 電設 ? スイッチカバー・プレート>パナソニック(Panasonic)
24678,オークション > 住まい、インテリア > その他,産業・研究開発用品 ? 電設 ? コンセント・プラグ
2084048882,オークション > 住まい、インテリア > ペット用品 > 犬 > 食器,ペット用品 ? 犬 ? 餌やり・水やり用品 ? 哺乳用品>アイリスオーヤマ(IRIS OHYAMA)
24546,オークション > 住まい、インテリア > ペット用品 > その他,ペット用品 ? 犬 ? 餌やり・水やり用品 ? 自動給水器
2084012476,オークション > 自動車、オートバイ > アクセサリー > キーホルダー > その他,車＆バイク ? カーアクセサリ ? キーケース・キーホルダー
2084223554,オークション > 自動車、オートバイ > メンテナンス > オイル > エンジンオイル,車＆バイク ? エンジンオイル・オイルフィルター ? バイク用エンジンオイル>カワサキ(Kawasaki)
2084012454,オークション > 自動車、オートバイ > オートバイ > メンテナンス > フィルター > オイルフィルター,車＆バイク ? エンジンオイル・オイルフィルター ? バイク用エンジンオイル>カワサキ(Kawasaki)
2084016521,オークション > 自動車、オートバイ > オートバイ > パーツ > タンク > カワサキ用,車＆バイク ? バイクパーツ ? バイク外装パーツ ? タンク・パーツ ? タンクパッド>カワサキ(Kawasaki)
2084012427,オークション > 自動車、オートバイ > オートバイ > アクセサリー > カバー,車＆バイク ? バイクバッグ・ケース ? バッグレインカバー>Homwarm
2084012449,オークション > 自動車、オートバイ > オートバイ > メンテナンス > オイル,車＆バイク ? エンジンオイル・オイルフィルター ? バイク用エンジンオイル>カワサキ純正 （Kawasaki）
2084235229,オークション > 自動車、オートバイ > オートバイ > アクセサリー > タンクバッグ,車＆バイク ? バイクバッグ・ケース ? タンクバッグ>kemimoto
2084055705,オークション > 住まい、インテリア > 防災、セキュリティ > セキュリティ > センサー付き照明,DIY・工具・ガーデン ? エクステリア ? アウトドア・エクステリアライト ? センサーライト>ムサシ
2084062825,オークション > 住まい、インテリア > 工具、DIY用品 > 建築材料、住宅設備 > その他,DIY・工具・ガーデン ? エクステリア ? アウトドア・エクステリアライト ? センサーライト
2084057371,オークション > 住まい、インテリア > 家具、インテリア > 照明 > 天井照明 > スポットライト,DIY・工具・ガーデン ? エクステリア ? アウトドア・エクステリアライト ? ガーデンライト ? スポットライト>パナソニック(Panasonic)
2084007893,オークション > 住まい、インテリア > 家具、インテリア > 照明 > その他,DIY・工具・ガーデン ? エクステリア ? アウトドア・エクステリアライト ? ガーデンライト ? 階段ライト
2084047047,オークション > 花、園芸 > 造園用工具、資材 > ガーデンライト,DIY・工具・ガーデン ? エクステリア ? アウトドア・エクステリアライト ? センサーライト>Towkka
24926,オークション > スポーツ、レジャー > キャンプ、アウトドア用品 > ライト、ランタン > その他,DIY・工具・ガーデン ? エクステリア ? アウトドア・エクステリアライト ? センサーライト
2084210052,オークション > 住まい、インテリア > 工具、DIY用品 > 照明 > 投光器,DIY・工具・ガーデン ? エクステリア ? アウトドア・エクステリアライト ? 投光器・フラッドライト>マキタ(Makita)
2084046754,オークション > スポーツ、レジャー > キャンプ、アウトドア用品 > ライト、ランタン > ランタン > ガスランタン,DIY・工具・ガーデン ? エクステリア ? アウトドア・エクステリアライト ? ランタン>Aiスマート技術キャンプライト
2084210048,オークション > 住まい、インテリア > 工具、DIY用品 > 塗料 > その他,DIY・工具・ガーデン ? エクステリア ? アウトドア・エクステリアライト ? センサーライト
2084303396,オークション > 住まい、インテリア > 工具、DIY用品 > ハンドツール、大工道具 > 工具セット,DIY・工具・ガーデン ? 作業工具 ? 工具セット・道具セット>TOP FILM
2084042026,オークション > 住まい、インテリア > 工具、DIY用品 > ハンドツール、大工道具 > スパナ、レンチ > その他,DIY・工具・ガーデン ? 作業工具 ? 駆動工具 ? レンチ ? レンチセット
2084042062,オークション > 自動車、オートバイ > 工具 > その他,産業・研究開発用品 ? 空圧・油圧・配管 ? 継手 ? バルブ ? ボールバルブ
2084048026,オークション > 住まい、インテリア > 工具、DIY用品 > 電動工具 > 切断機 > その他,産業・研究開発用品 ? 切削工具 ? ドリルビット ? 金属用ドリルビット ? ステップドリル
24674,オークション > 住まい、インテリア > 工具、DIY用品 > その他,DIY・工具・ガーデン ? 作業工具 ? 駆動工具 ? スパナ ? 片口スパナ(コンビネーションレンチ)
2084304413,オークション > 住まい、インテリア > 工具、DIY用品 > ハンドツール、大工道具 > ペンチ > 圧着ペンチ,DIY・工具・ガーデン ? 作業工具 ? 切断工具 ? ペンチ ? 圧着ペンチ>ロブテックス
2084062479,オークション > アクセサリー、時計 > 時計用工具 > セット,腕時計 ? 時計アクセサリー ? 工具・清掃用品>JOBSON(ジョブソン)
2084303623,オークション > 住まい、インテリア > 工具、DIY用品 > 電動工具 > ドリル、ドライバー、レンチ > 電気ドリル > パーツ,産業・研究開発用品 ? 切削工具 ? ドリルアダプタ>BEE&BLUE
2084063307,オークション > ホビー、カルチャー > ハンドクラフト、手工芸 > レザークラフト > 道具,ホビー ? 手芸・画材 ? レザークラフト ? レザークラフトキット>YIGIZA
2084304516,オークション > 住まい、インテリア > 工具、DIY用品 > 建築材料、住宅設備 > 電材、配電用品 > その他,産業・研究開発用品 ? 電設 ? ケーブルリール・CD管リール・ロープリール
2084303403,オークション > 住まい、インテリア > 工具、DIY用品 > ハンドツール、大工道具 > ワイヤーストリッパー,DIY・工具・ガーデン ? 作業工具 ? 切断工具 ? ペンチ ? 圧着ペンチ>パンドウイットコーポレーション(PANDUIT)
2084303566,オークション > 住まい、インテリア > 工具、DIY用品 > 電動工具 > 電動工具セット,DIY・工具・ガーデン ? 電動工具・エア工具 ? 穴あけ・締付工具 ? ドリルドライバー>ブラックアンドデッカー(Black + Decker)
2084246794,オークション > スポーツ、レジャー > 自転車、サイクリング > 工具、メンテナンス > 工具（単品）,スポーツ＆アウトドア ? 自転車 ? メンテナンス用品 ? 工具(単品)>BIKE HAND (バイクハンド)
2084042046,オークション > 住まい、インテリア > 工具、DIY用品 > ハンドツール、大工道具 > その他,車＆バイク ? バイク工具・メンテナンス
2084211480,オークション > 住まい、インテリア > 工具、DIY用品 > ハンドツール、大工道具 > かんな,DIY・工具・ガーデン ? 大工道具・用品 ? 工具差し・収納用品 ? 道具袋>Rothco
2084064133,オークション > アクセサリー、時計 > 時計用ベルト、バンド > レザーベルト > 男性用,腕時計 ? 時計アクセサリー ? 工具・清掃用品>Kubo
2084042439,オークション > ホビー、カルチャー > ハンドクラフト、手工芸 > その他,ホビー ? 手芸・画材 ? ビーズ・レジン・アクセサリー ? チャーム・アクセサリートップ
2084062481,オークション > アクセサリー、時計 > 時計用工具 > バネ棒外し,腕時計 ? 時計アクセサリー ? 工具・清掃用品>YOKELLMUX
2084063838,オークション > 事務、店舗用品 > 店舗用品 > 厨房機器 > コーヒー用品,ホーム＆キッチン ? キッチン用品 ? コーヒー・ティー用品 ? コーヒー用品 ? サイフォン用アクセサリ・部品>HARIO(ハリオ)
2084230971,オークション > 家電、AV、カメラ > 掃除 > 掃除機一般 > その他,ホーム＆キッチン ? 家電 ? 消耗品・アクセサリ ? 生活家電消耗品・アクセサリ ? 掃除機用部品・アクセサリ ? 掃除機用交換部品
2084062472,オークション > アクセサリー、時計 > 時計用ベルト、バンド > ラバーベルト,腕時計 ? 時計アクセサリー ? 尾錠・バネ棒>SEIKO(セイコー)
2084263366,オークション > 家電、AV、カメラ > 電子部品 > スイッチ,産業・研究開発用品 ? エレクトロニクス部品 ? 制御部品 ? 工業用スイッチ ? トグルスイッチ>HiLetgo
2084059802,オークション > スポーツ、レジャー > 自転車、サイクリング > アクセサリー > 空気入れ > 携帯型,スポーツ＆アウトドア ? 自転車 ? メンテナンス用品 ? 空気入れ ? ポンプ用小物>パナレーサー(Panaracer)
2084048438,オークション > 家電、AV、カメラ > オーディオ機器 > アンプ > 真空管アンプ > パーツ、部品,楽器・音響機器 ? ギター ? ギターアクセサリ ? ギターエフェクターパーツ ? エフェクター電子部品 ? コンデンサ>YJB PARTS
2084042455,オークション > ホビー、カルチャー > ハンドクラフト、手工芸 > ビーズ細工 > その他,ホビー ? 手芸・画材 ? ビーズ・レジン・アクセサリー ? 携帯ストラップパーツ
