2084315794,オークション > おもちゃ、ゲーム > ゲーム > テレビゲーム > ニンテンドースイッチ > ニンテンドースイッチ本体,ゲーム  ? Nintendo Switch  ? ゲーム機本体>任天堂
2084315795,オークション > おもちゃ、ゲーム > ゲーム > テレビゲーム > ニンテンドースイッチ > ニンテンドースイッチソフト,ゲーム  ? Nintendo Switch  ? ゲームソフト>任天堂
2084016521,オークション > 自動車、オートバイ > オートバイ > パーツ > タンク > カワサキ用,車＆バイク  ? バイクアクセサリ  ? バイク用エンブレム>ソニー・インタラクティブエンタテインメント
25832,オークション > おもちゃ、ゲーム > ゲーム > トレーディングカードゲーム > その他,ゲーム  ? Nintendo Switch  ? ゲームソフト
23598,オークション > コンピュータ > ソフトウエア > パッケージ版 > Windows > ゲーム、エンターテインメント > RPG,PCソフト  ? エレクトロニック・アーツ  ? RPG>エレクトロニック・アーツ
2084006671,オークション > おもちゃ、ゲーム > ゲーム > テレビゲーム > プレイステーション2 > タイトル > アクション,ゲーム  › Nintendo Switch  › ゲーム機本体>バンダイナムコエンターテインメント
2084041575,オークション > おもちゃ、ゲーム > ゲーム > テレビゲーム > プレイステーション > アクセサリー、周辺機器 > コントローラー,ゲーム  ? プレイステーション4  ? 周辺機器・アクセサリ  ? コントローラー（ハンドル・ジョイスティック）>ASTRO Gaming(アストロ ゲーミング)
2084235237,オークション > 自動車、オートバイ > オートバイ > アクセサリー > トップケース,車＆バイク  ? バイクバッグ・ケース  ? キャリア>コトブキシステム
20068,オークション > コミック、アニメグッズ > その他,ゲーム  ? プレイステーション4  ? ゲームソフト
26082,オークション > おもちゃ、ゲーム > その他,楽器・音響機器  ? PA音響機器  ? マイク  ? コンデンサ
2084005527,オークション > 自動車、オートバイ > オートバイ > パーツ > ミラー,車＆バイク  ? バイクパーツ  ? バイクミラー・パーツ  ? ミラー>Whatskoo
2084016434,オークション > 自動車、オートバイ > オートバイ > パーツ > ライト、ウインカー > その他,車＆バイク  ? バイクパーツ  ? バイク用ライト・ランプ  ? テールランプ
2084290227,オークション > おもちゃ、ゲーム > ゲーム > テレビゲーム > その他,ゲーム  ? その他の機種  ? その他のゲーム機種本体全般
2084315796,オークション > おもちゃ、ゲーム > ゲーム > テレビゲーム > ニンテンドースイッチ > ニンテンドースイッチアクセサリー,ゲーム  ? Nintendo Switch  ? 周辺機器・アクセサリ>TOYEN
2084008425,オークション > 自動車、オートバイ > パーツ > 外装、エアロ > その他,車＆バイク  ? カーアクセサリ  ? カーラッピングフィルム
2084310054,オークション > おもちゃ、ゲーム > ゲーム > テレビゲーム > Wii U > アクセサリ、周辺機器,ゲーム  ? Nintendo Switch  ? 周辺機器・アクセサリ>DELUXEFOX
2084012430,オークション > 自動車、オートバイ > オートバイ > アクセサリー > その他,車＆バイク  ? バイクパーツ  ? バイク電装パーツ  ? バイク用シガーソケット
27820,オークション > おもちゃ、ゲーム > ゲーム > テレビゲーム > ゲームボーイ > タイトル > その他,ゲーム  ? その他の機種  ? その他のゲーム機種本体全般
2084012427,オークション > 自動車、オートバイ > オートバイ > アクセサリー > カバー,車＆バイク  ? バイクアクセサリ  ? 車体カバー>ナムコ
2084047161,オークション > コンピュータ > 周辺機器 > 入力装置 > マウス、トラックボール > ワイヤレスマウス,パソコン・周辺機器  ? PCアクセサリ・サプライ  ? USBハブ>キューブ
2084313829,オークション > おもちゃ、ゲーム > ゲーム > テレビゲーム > プレイステーション4 > アクセサリ、周辺機器,ゲーム  ? プレイステーション4  ? 周辺機器・アクセサリ>Xim Technologies
2084239143,オークション > 家電、AV、カメラ > オーディオ機器 > 音響用ケーブル > その他,文房具・オフィス用品  ? 事務用品  ? 机上用品・文具収納  ? 配線アクセサリー
22900,オークション > 事務、店舗用品 > 店舗用品 > バーコードリーダー,文房具・オフィス用品  ? 店舗・販促用品  ? バーコードスキャナー>アイ・オー・データ
2084048551,オークション > コンピュータ > 周辺機器 > その他,パソコン・周辺機器  ? PCアクセサリ・サプライ  ? ノートパソコンアクセサリ  ? ドッキングステーション
2084045809,オークション > おもちゃ、ゲーム > ゲーム > テレビゲーム > プレイステーション2 > 本体、アクセサリー > アクセサリ、周辺機器,ゲーム  ? プレイステーション4  ? 周辺機器・アクセサリ  ? アクセサリーキット>ホリ
2084047165,オークション > コンピュータ > 周辺機器 > 入力装置 > マウス、トラックボール > その他,パソコン・周辺機器  ? キーボード・マウス・入力機器  ? ゲーミングマウス
2084019013,オークション > ホビー、カルチャー > 楽器、器材 > レコーディング、PA機器 > ミキサー,楽器・音響機器  ? PA音響機器  ? マイク  ? コンデンサ>ヤマハ(YAMAHA)
2084219572,オークション > 家電、AV、カメラ > オーディオ機器 > ヘッドフォン、イヤフォン > イヤフォン > その他,本  ? コンピュータ・IT  ? パソコン・周辺機器  ? 周辺機器
2084203148,オークション > 自動車、オートバイ > アクセサリー > エンブレム > その他,車＆バイク  ? カーアクセサリ
2084047924,オークション > スポーツ、レジャー > 旅行 > 旅行用小物,シューズ＆バッグ  ? バッグ・スーツケース  ? トラベルアクセサリ  ? パッキングオーガナイザー・アレンジケース>ProCase
2084016529,オークション > 自動車、オートバイ > オートバイ > パーツ > タンク > ホンダ用,車＆バイク  ? バイクアクセサリ  ? バイク用エンブレム>パイオニア(Pioneer)
2084039567,オークション > コンピュータ > 周辺機器 > モニタ > その他,パソコン・周辺機器  ? PCアクセサリ・サプライ  ? モニタアクセサリ  ? モニタアーム&スタンド
2084210670,オークション > 自動車、オートバイ > アクセサリー > ステッカー、デカール > その他,車＆バイク  ? カーアクセサリ  ? ステッカー・デカール
22996,オークション > 事務、店舗用品 > その他,文房具・オフィス用品  ? 事務用品  ? 机上用品・文具収納  ? 配線アクセサリー
26144,オークション > アンティーク、コレクション > 雑貨 > 喫煙グッズ > その他,ドラッグストア  ? 電子たばこ・加熱式たばこ・禁煙サポート  ? 加熱式たばこ・アクセサリ  ? 加熱式たばこ用アクセサリ  ? パーツ
24674,オークション > 住まい、インテリア > 工具、DIY用品 > その他,ゲーム  ? その他の機種  ? その他のゲーム機種本体全般
2084005531,オークション > 自動車、オートバイ > オートバイ > パーツ > その他,車＆バイク  ? バイクアクセサリ  ? バイク用エンブレム
2084203141,オークション > 自動車、オートバイ > アクセサリー > エンブレム > 日産、インフィニティ,車＆バイク  ? カーパーツ  ? 外装・エアロパーツ  ? エンブレム>IBM
2084041573,オークション > 家電、AV、カメラ > オーディオ機器 > スピーカー > 一般 > その他,パソコン・周辺機器  ? PCスピーカー
2084210671,オークション > 自動車、オートバイ > アクセサリー > ステッカー、デカール > 自動車メーカー別 > トヨタ,車＆バイク  ? カーアクセサリ  ? ステッカー・デカール>キューブ
24678,オークション > 住まい、インテリア > その他,ホーム＆キッチン  ? インテリア  ? 温度計・湿度計  ? 温湿度計
2084245356,オークション > 住まい、インテリア > 家具、インテリア > 棚、キャビネット > テレビ台、AVボード > 壁面タイプ,ホーム＆キッチン  ? 家具  ? リビングルーム家具  ? テレビ・オーディオ用家具  ? テレビ台・アクセサリ>キングジム(Kingjim)
2084039701,オークション > コンピュータ > 周辺機器 > ネットワーク > USBハブ,パソコン・周辺機器  ? PCアクセサリ・サプライ  ? USBハブ>iMXPW
2084197403,オークション > 自動車、オートバイ > パーツ > 外装、エアロ > 自動車メーカー別 > 日産用 > エアロパーツ > その他,車＆バイク  ? カーパーツ  ? 外装・エアロパーツ  ? エンブレム
2084049583,オークション > コンピュータ > サプライ > ケース > ノートパソコン用,パソコン・周辺機器  ? PCアクセサリ・サプライ  ? ノートパソコンアクセサリ  ? PCバッグ・ケース・スリーブ>BEATON　JAPAN
2084302407,オークション > 自動車、オートバイ > パーツ > ステアリング > 自動車メーカー別 > ホンダ用 > ステアリング、ハンドル関連用品,車＆バイク  ? カーパーツ  ? 内装パーツ  ? インテリアパネル>セイワ(SEIWA)
2084219588,オークション > 家電、AV、カメラ > オーディオ機器 > ヘッドフォン、イヤフォン > ヘッドフォン > その他,パソコン・周辺機器  ? PCアクセサリ・サプライ  ? PCゲーミングアクセサリ  ? ゲーミングヘッドセット
2084313797,オークション > コンピュータ > サプライ > クリーナー、掃除用品,家電＆カメラ  ? アクセサリ・サプライ  ? AVアクセサリ  ? クリーナー用品>エレコム
2084286659,オークション > 自動車、オートバイ > アクセサリー > 携帯電話・スマートフォン用品 > ホルダー,車＆バイク  ? カーアクセサリ  ? ノンスリップマット>PDA工房
2084044974,オークション > 家電、AV、カメラ > 美容、健康 > マッサージ機 > その他,ホーム＆キッチン  ? 家電  ? 健康家電  ? マッサージ機  ? マッサージクッション
2084019014,オークション > ホビー、カルチャー > 楽器、器材 > レコーディング、PA機器 > その他,楽器・音響機器  ? PA音響機器  ? PA & レコーディングアクセサリ
2084193583,オークション > コンピュータ > パソコン > Windows > ノートブック、ノートパソコン > デル > 15インチ〜,パソコン・周辺機器  ? ノートパソコン>Dell
2084307176,オークション > コンピュータ > パソコン > Windows > ノートブック、ノートパソコン > HP > 15インチ〜,パソコン・周辺機器  ? ノートパソコン>ヒューレット・パッカード(HP)
2084193588,オークション > コンピュータ > パソコン > Windows > ノートブック、ノートパソコン > パナソニック、松下電器産業 > 12インチ〜,パソコン・周辺機器  ? ノートパソコン>CHUWI
2084044806,オークション > コンピュータ > パソコン > Windows > デスクトップ > その他,パソコン・周辺機器  ? デスクトップ  ? ミニ
2084210674,オークション > 自動車、オートバイ > アクセサリー > ステッカー、デカール > 自動車メーカー別 > ホンダ,車＆バイク  ? カーアクセサリ  ? ステッカー・デカール>NEC
2084193600,オークション > コンピュータ > パソコン > Windows > ノートブック、ノートパソコン > 富士通 > 15インチ〜,パソコン・周辺機器  ? ノートパソコン>LG
2084193591,オークション > コンピュータ > パソコン > Windows > ノートブック、ノートパソコン > 東芝 > 15インチ〜,パソコン・周辺機器  ? ノートパソコン>Smart
2084193568,オークション > コンピュータ > パソコン > Windows > ノートブック、ノートパソコン > NEC > 15インチ〜,パソコン・周辺機器  ? ノートパソコン>NEC
2084012429,オークション > 自動車、オートバイ > オートバイ > アクセサリー > ステッカー、デカール,車＆バイク  ? バイクアクセサリ  ? バイク用ステッカー・デカール>HUAWEI(ファーウェイ)
2084306954,オークション > コンピュータ > パソコン > Windows > デスクトップ > HP > パソコン単体,パソコン・周辺機器  ? デスクトップ  ? ミニ>CHUWI
2084203140,オークション > 自動車、オートバイ > アクセサリー > エンブレム > トヨタ,車＆バイク  ? カーパーツ  ? 外装・エアロパーツ  ? エンブレム>Jumper
2084307188,オークション > コンピュータ > パソコン > Windows > ノートブック、ノートパソコン > レノボ > 13インチ未満,パソコン・周辺機器  ? ノートパソコン>エイスース(ASUS)
2084022767,オークション > コンピュータ > ソフトウエア > パッケージ版 > Windows > 一般ビジネスソフト > オフィスパック,パソコン・周辺機器  ? ノートパソコン>マイクロソフト
2084005813,オークション > 自動車、オートバイ > アクセサリー > その他,車＆バイク  ? カーアクセサリ  ? ソケット分配器
2084307214,オークション > 家電、AV、カメラ > オーディオ機器 > スピーカー > 一般 > BOSE > スピーカー本体,パソコン・周辺機器  ? PCスピーカー>BOSE(ボーズ)
2084313963,オークション > コンピュータ > 周辺機器 > 入力装置 > キーボード > ノートパソコン用,パソコン・周辺機器  ? ノートパソコン>富士通
2084064160,オークション > 自動車、オートバイ > タイヤ、ホイール > ホイールキャップ > 社外品,車＆バイク  ? カーアクセサリ  ? ステッカー・デカール>Felimoa
2084064593,オークション > 自動車、オートバイ > パーツ > 内装品 > 自動車メーカー別 > フォルクスワーゲン用,車＆バイク  ? カーアクセサリ  ? ステッカー・デカール>ユニーク(UNIQ)
2084048551,オークション > コンピュータ > 周辺機器 > CDドライブ > 外付けCD-R/RWドライブ,パソコン・周辺機器  ? 外付けドライブ・ストレージ  ? 外付光学式ドライブ  ? 外付CD・DVDドライブ>バッファロー
2084213752,オークション > 自動車、オートバイ > アクセサリー > 車内収納、ホルダー > 車内収納、ケース,車＆バイク  ? カーアクセサリ  ? 収納・ホルダー  ? ポケット・ケース・カバー>カインドストア
23564,オークション > コンピュータ > その他,パソコン・周辺機器  ? PCアクセサリ・サプライ  ? ノートパソコンアクセサリ  ? PCバッグ・ケース・スリーブ
23376,オークション > コンピュータ > パーツ > メモリ > その他,パソコン・周辺機器  ? PCパーツ  ? メモリ
2084012476,オークション > ファッション > ファッション小物 > キーケース,車＆バイク  ? カーアクセサリ  ? キーケース・キーホルダー>PDA工房
2084306961,オークション > コンピュータ > パソコン > Windows > デスクトップ > NEC > パソコン単体,パソコン・周辺機器  ? デスクトップ  ? ミニ>BMAX
2084223554,オークション > 自動車、オートバイ > メンテナンス > オイル > エンジンオイル,車＆バイク  ? エンジンオイル・オイルフィルター  ? 車用エンジンオイル>TaoTronics
2084064595,オークション > 自動車、オートバイ > パーツ > 内装品 > 自動車メーカー別 > ホンダ用,車＆バイク  ? カーパーツ  ? 内装パーツ  ? インテリアパネル>サンワサプライ
2084239898,オークション > コンピュータ > パソコン > Windows > ノートブック、ノートパソコン > エプソン,パソコン・周辺機器  ? タブレット>Jumper専門店
2084219513,オークション > コンピュータ > 周辺機器 > サウンド > スピーカー > その他,パソコン・周辺機器  ? PCスピーカー
2084005066,オークション > 家電、AV、カメラ > 携帯電話、スマートフォン > その他,車＆バイク  ? カーアクセサリ  ? 携帯電話・スマートフォンアクセサリ  ? 車載ホルダー
2084007921,オークション > 自動車、オートバイ > アクセサリー > キャリア、ラック > その他,車＆バイク  ? カータイヤ・ホイール  ? エアバルブキャップ
2084203146,オークション > 自動車、オートバイ > アクセサリー > エンブレム > メルセデス・ベンツ,車＆バイク  ? カーアクセサリ  ? ステッカー・デカール>ASUSTek
2084284122,オークション > コンピュータ > 周辺機器 > SSD > 256GB〜,パソコン・周辺機器  ? ノートパソコン>Jumper-
2084239200,オークション > 家電、AV、カメラ > 携帯電話、スマートフォン > バッテリー、充電器 > その他,パソコン・周辺機器  ? PCアクセサリ・サプライ  ? 無停電電源装置
2084239197,オークション > 家電、AV、カメラ > 携帯電話、スマートフォン > バッテリー、充電器 > USB式充電器,パソコン・周辺機器  ? PCアクセサリ・サプライ  ? ノートパソコンアクセサリ  ? バッテリー>WorldPlus
2084221508,オークション > 家電、AV、カメラ > 映像機器 > プロジェクター > 本体,パソコン・周辺機器  ? データプロジェクター>iCODIS
2084008303,オークション > ファッション > メンズバッグ > リュックサック、デイパック,シューズ＆バッグ  ? バッグ・スーツケース  ? リュック・バックパック  ? タウンリュック・ビジネスリュック  ? メンズ>SNK
2084196870,オークション > 自動車、オートバイ > パーツ > 外装、エアロ > 自動車メーカー別 > BMW用 > 外装 > フロント,車＆バイク  ? カーパーツ  ? 外装・エアロパーツ  ? エンブレム>KEIAN
2084047116,オークション > 自動車、オートバイ > メンテナンス > 洗車 > その他,車＆バイク  ? 洗車・工具・メンテナンス用品  ? 洗車・お手入れ用品  ? 洗車用スポンジ・クロス・ブラシ  ? ブラシ
2084039542,オークション > コンピュータ > パーツ > ケーブル、コネクタ > その他,パソコン・周辺機器  ? PCアクセサリ・サプライ  ? ケーブル  ? 電源ケーブル
2084042062,オークション > 自動車、オートバイ > 工具 > その他,車＆バイク  ? 洗車・工具・メンテナンス用品  ? 自動車整備工具  ? 内張りはがし・クリップクランプツール
2084019304,オークション > 自動車、オートバイ > オートバイ > パーツ > マフラー > その他,車＆バイク  ? カーアクセサリ  ? ステッカー・デカール
2084196974,オークション > 自動車、オートバイ > パーツ > 外装、エアロ > 自動車メーカー別 > トヨタ用 > 外装 > リア,車＆バイク  ? カーパーツ  ? 外装・エアロパーツ  ? ガーニッシュ>ASUSTek
2084044825,オークション > コンピュータ > 周辺機器 > ハードディスク > その他,パソコン・周辺機器  ? 外付けドライブ・ストレージ  ? 外付ハードディスクドライブ
2084008498,オークション > 自動車、オートバイ > パーツ > ライト > その他,車＆バイク  ? カーパーツ  ? ライト・ランプ  ? ブレーキ・テールランプ
2084224832,オークション > ファッション > ファッション小物 > サングラス > 男女兼用 > セル、プラスチックフレーム,パソコン・周辺機器  ? PCアクセサリ・サプライ  ? パソコン用メガネ>コモライフ(Comolife)
2084284891,オークション > コンピュータ > 周辺機器 > ブルーレイドライブ > 外付け,パソコン・周辺機器  ? 外付けドライブ・ストレージ  ? 外付光学式ドライブ  ? 外付ブルーレイドライブ>ロジテック
2084210631,オークション > 自動車、オートバイ > アクセサリー > キーホルダー > その他,車＆バイク  ? カーアクセサリ  ? キーケース・キーホルダー
2084219323,オークション > コンピュータ > 周辺機器 > 入力装置 > キーボード > USBキーボード,パソコン・周辺機器  ? キーボード・マウス・入力機器  ? パソコン用キーボード>バッファロー
2084219288,オークション > コンピュータ > パーツ > 電源、ACアダプタ > ノートパソコン用ACアダプタ > 富士通,パソコン・周辺機器  ? PCアクセサリ・サプライ  ? ノートパソコンアクセサリ  ? 充電器・パワーサプライ>astyle
2084198946,オークション > 自動車、オートバイ > パーツ > 内装品 > 自動車メーカー別 > ジャガー用,車＆バイク  ? カーパーツ  ? 外装・エアロパーツ  ? エンブレム>サンワサプライ
2084239134,オークション > 家電、AV、カメラ > 映像機器 > 映像用ケーブル > HDMIケーブル,パソコン・周辺機器  ? ディスプレイ>cocopar
2084042537,オークション > ビューティー、ヘルスケア > めがね、コンタクト > その他,家電＆カメラ  ? アクセサリ・サプライ  ? AVアクセサリ  ? クリーナー用品
2084239195,オークション > 家電、AV、カメラ > 携帯電話、スマートフォン > バッテリー、充電器 > ACアダプタ式充電器,家電＆カメラ  ? 携帯電話・スマートフォン  ? 携帯電話・スマートフォンアクセサリ  ? 充電器・チャージャー  ? AC式充電器>RAVPOWER
2084213741,オークション > 自動車、オートバイ > アクセサリー > リモコンスターター > 社外本体,車＆バイク  ? カーアクセサリ  ? エンジンスターター本体>Edifier
24518,オークション > 家電、AV、カメラ > キッチン、食卓 > トースター,ホーム＆キッチン  ? 家電  ? キッチン家電  ? 電子レンジ・オーブン  ? オーブントースター>三菱電機(MITSUBISHI ELECTRIC)
2084018959,オークション > 家電、AV、カメラ > 映像機器 > テレビ > その他,家電＆カメラ  ? アクセサリ・サプライ  ? AVアクセサリ  ? AV・テレビリモコン
2084213750,オークション > 自動車、オートバイ > アクセサリー > 車内収納、ホルダー > ドリンクホルダー,車＆バイク  ? カーアクセサリ  ? 収納・ホルダー  ? ドリンクホルダー>ハック(Hac)
2084042679,オークション > 家電、AV、カメラ > 冷暖房、空調 > ふとん乾燥機,ホーム＆キッチン  ? 家電  ? 生活家電  ? 布団乾燥機>アイリスオーヤマ(IRIS OHYAMA)
2084224025,オークション > 家電、AV、カメラ > キッチン、食卓 > レンジ、コンロ > IH,ホーム＆キッチン  ? 家電  ? キッチン家電  ? コンロ・クッキングヒーター  ? 卓上IHクッキングヒーター>パナソニック(Panasonic)
2084006922,オークション > ビューティー、ヘルスケア > 健康用品、健康器具 > 検査、測定器 > 体重計,ホーム＆キッチン  ? 家電  ? 健康家電  ? 体重・体脂肪・体組成計>タニタ(Tanita)
2084055372,オークション > 家電、AV、カメラ > 美容、健康 > 美容機器 > フェイスケア,ホーム＆キッチン  ? 家電  ? 理美容家電  ? フェイスケア  ? 美顔器・美容器>Zpure
2084044975,オークション > 家電、AV、カメラ > 美容、健康 > マッサージ機 > ハンディマッサージャー,ホーム＆キッチン  ? 家電  ? 健康家電  ? マッサージ機  ? ハンディマッサージャー>atex
2084239056,オークション > 家電、AV、カメラ > 洗濯、アイロン > アイロン > ハンディアイロン,ホーム＆キッチン  ? 家電  ? 生活家電  ? アイロン・スチーマー  ? ハンガースチーマー>ティファール(T-fal)
2084005062,オークション > 家電、AV、カメラ > 携帯電話、スマートフォン > アクセサリー > その他,家電＆カメラ  ? 携帯電話・スマートフォン  ? 携帯電話・スマートフォンアクセサリ  ? バッテリー  ? モバイルバッテリー
2084215694,オークション > 家電、AV、カメラ > 冷暖房、空調 > 電気ヒーター > その他,ホーム＆キッチン  ? 家電  ? 空調・季節家電  ? 電気暖房  ? 電気ファンヒーター
2084251277,オークション > おもちゃ、ゲーム > トイラジコン > その他,家電＆カメラ  ? カメラ  ? ドローン・マルチコプター
2084055704,オークション > 住まい、インテリア > 防災、セキュリティ > セキュリティ > インターホン、ドアホン,DIY・工具・ガーデン  ? 住宅用設備・製品  ? インターホン・チャイム>Nature
2084044970,オークション > 家電、AV、カメラ > 美容、健康 > ヘアドライヤー > その他,ホーム＆キッチン  ? 家電  ? 理美容家電  ? ヘアケア  ? ヘアドライヤー
23972,オークション > 家電、AV、カメラ > その他,家電＆カメラ  ? アクセサリ・サプライ  ? AVアクセサリ  ? AV・テレビリモコン
2084221681,オークション > 家電、AV、カメラ > 美容、健康 > 電気シェーバー > その他,ホーム＆キッチン  ? 家電  ? 理美容家電  ? シェーバー・バリカン  ? メンズシェーバー
2084055370,オークション > 家電、AV、カメラ > 美容、健康 > 美容機器 > 脱毛、除毛,ホーム＆キッチン  ? 家電  ? 理美容家電  ? シェーバー・バリカン  ? 脱毛器>パナソニック(Panasonic)
2084047758,オークション > 家電、AV、カメラ > 美容、健康 > マッサージ機 > フットマッサージャー,ホーム＆キッチン  ? 家電  ? 健康家電  ? マッサージ機  ? フットマッサージャー>パナソニック(Panasonic)
2084304504,オークション > 住まい、インテリア > 工具、DIY用品 > 建築材料、住宅設備 > 電材、配電用品 > コンセント,産業・研究開発用品  ? 電設  ? コンセント・プラグ>TP-LINK
2084307222,オークション > 家電、AV、カメラ > オーディオ機器 > スピーカー > 一般 > ソニー > スピーカー本体,家電＆カメラ  ? ポータブルオーディオ  ? ポータブルスピーカー・ドック  ? ポータブルスピーカー>ソニー(SONY)
2084232514,オークション > 家電、AV、カメラ > オーディオ機器 > ポータブルプレーヤー > デジタルオーディオプレーヤー > その他 > 本体,車＆バイク  ? カーナビ・カーエレクトロニクス  ? ポータブルオーディオ用車載アクセサリ  ? FMトランスミッタ>
2084239194,オークション > 家電、AV、カメラ > 携帯電話、スマートフォン > バッテリー、充電器 > 電池パック,家電＆カメラ  ? 携帯電話・スマートフォン  ? 携帯電話・スマートフォンアクセサリ  ? バッテリー  ? ケース型バッテリー>Anker
2084005805,オークション > 自動車、オートバイ > メンテナンス > その他,ホーム＆キッチン  ? 家電  ? 消耗品・アクセサリ  ? 空調・季節家電付属品・アクセサリ  ? エアコン用交換部品・アクセサリ  ? エアコン用リモコン
2084018961,オークション > 家電、AV、カメラ > 映像機器 > テレビ > リモコン,家電＆カメラ  ? アクセサリ・サプライ  ? AVアクセサリ  ? AV・テレビリモコン>Nature
2084316075,オークション > 家電、AV、カメラ > スマートウォッチ、ウェアラブル端末 > スマートウォッチ本体,ホーム＆キッチン  ? 家電  ? 健康家電  ? 集音器>Olive Union
2084221687,オークション > 家電、AV、カメラ > 冷暖房、空調 > 空気清浄器 > その他,ホーム＆キッチン  ? 家電  ? 空調・季節家電  ? イオン発生器
2084224016,オークション > 家電、AV、カメラ > キッチン、食卓 > ジューサー、ミキサー > ハンドミキサー,ホーム＆キッチン  ? 家電  ? キッチン家電  ? ミキサー・カッター  ? ハンドブレンダ―>ブラウン ハウスホールド(Braun Household)
2084239062,オークション > 家電、AV、カメラ > キッチン、食卓 > レンジ、コンロ > カセットコンロ、卓上コンロ,ホーム＆キッチン  ? 家電  ? キッチン家電  ? コンロ・クッキングヒーター  ? カセットコンロ>Iwatani(イワタニ)
2084302391,オークション > 自動車、オートバイ > パーツ > ステアリング > 自動車メーカー別 > スズキ用 > ステアリング、ハンドル関連用品,車＆バイク  ? カーアクセサリ>マクセル(maxell)
2084055703,オークション > 住まい、インテリア > 防災、セキュリティ > セキュリティ > その他,家電＆カメラ  ? カメラ  ? 防犯・監視カメラ  ? 防犯・監視カメラアクセサリ
2084005144,オークション > 自動車、オートバイ > パーツ > その他,車＆バイク  ? カーパーツ  ? ライト・ランプ  ? カーテシーランプ
2084008367,オークション > 家電、AV、カメラ > キッチン、食卓 > その他,ホーム＆キッチン  ? 家電  ? キッチン家電  ? スロークッカー
2084245367,オークション > 住まい、インテリア > 家具、インテリア > 照明 > 蛍光灯、電球 > LED電球,ホーム＆キッチン  ? 家電  ? 照明  ? 電球・蛍光灯  ? LED電球>CSNDICE
2084239057,オークション > 家電、AV、カメラ > キッチン、食卓 > ホットプレート、グリルパン > ホットプレート,ホーム＆キッチン  ? 家電  ? キッチン家電  ? ホットプレート・グリル鍋  ? ホットプレート>BRUNO
2084258256,オークション > 自動車、オートバイ > アクセサリー > モール,車＆バイク  ? カーパーツ  ? 外装・エアロパーツ  ? リアバンパープロテクター>パナソニック(Panasonic)
2084213170,オークション > 家電、AV、カメラ > 洗濯、アイロン > 洗濯機 > その他,大型家電  ? 洗濯機・乾燥機  ? 洗濯機
2084044891,オークション > 家電、AV、カメラ > 冷暖房、空調 > エアコン > その他,ホーム＆キッチン  ? 家電  ? 消耗品・アクセサリ  ? 空調・季節家電付属品・アクセサリ  ? エアコン用交換部品・アクセサリ  ? エアコン用フィルタ
2084316146,オークション > おもちゃ、ゲーム > ホビーラジコン > ドローン > ドローン本体,家電＆カメラ  ? カメラ  ? ドローン・マルチコプター>DJI
2084239055,オークション > 家電、AV、カメラ > 洗濯、アイロン > アイロン > コードレスアイロン,ホーム＆キッチン  ? 家電  ? 生活家電  ? アイロン・スチーマー  ? スチームアイロン>パナソニック(Panasonic)
2084303573,オークション > 住まい、インテリア > 工具、DIY用品 > 電動工具 > コードリール、延長コード > 工具用延長コード,産業・研究開発用品  ? 電設  ? 延長コード>宏和工業
2084230971,オークション > 家電、AV、カメラ > 掃除 > 掃除機一般 > その他,ホーム＆キッチン  ? 家電  ? 消耗品・アクセサリ  ? 理美容家電消耗品・アクセサリ  ? シェーバー・バリカン用消耗品・アクセサリ  ? クリーニングアクセサリ
2084044961,オークション > 家電、AV、カメラ > 美容、健康 > ヘアアイロン,ホーム＆キッチン  ? 家電  ? 理美容家電  ? ヘアケア  ? ヘアアイロン>SALONIA(サロニア)
2084290713,オークション > 自動車、オートバイ > アクセサリー > コンバーター > 12V用,車＆バイク  ? カーアクセサリ  ? インバーター・コンバーター>セルスター(CELLSTAR)
2084238440,オークション > 住まい、インテリア > 家具、インテリア > カーテン、ブラインド > カーテン > その他,ホーム＆キッチン  ? ラグ・カーテン・ファブリック  ? カーテン・ブラインド  ? カーテン
2084241162,オークション > 自動車、オートバイ > トラック、ダンプ、建設機械 > パーツ > トラック、ダンプ > ライト > マーカー,車＆バイク  ? カーパーツ  ? ライト・ランプ  ? ウィンカー・サイドマーカー>
2084239063,オークション > 家電、AV、カメラ > 洗濯、アイロン > アイロン > 一般,ホーム＆キッチン  ? 家電  ? 生活家電  ? アイロン・スチーマー  ? スチームアイロン>パナソニック(Panasonic)
2084241169,オークション > 自動車、オートバイ > トラック、ダンプ、建設機械 > パーツ > トラック、ダンプ > ライト > バルブ（24V専用） > LED > ホワイト,車＆バイク  ? カーパーツ  ? ライト・ランプ  ? ウィンカー・サイドマーカー>ネスカフェ NBA
23956,オークション > 家電、AV、カメラ > 電話、ファクシミリ > 電話機一般,家電＆カメラ  ? 電話機・FAX  ? FAX本体>パナソニック(Panasonic)
2084230797,オークション > 自動車、オートバイ > パーツ > ライト > バルブ > LED > シングル球 > オレンジ、アンバー,車＆バイク  ? カーパーツ  ? ライト・ランプ  ? 汎用バルブ>セルスター(CELLSTAR)
2084042545,オークション > ビューティー、ヘルスケア > 健康用品、健康器具 > その他,ホーム＆キッチン  ? 家電  ? 健康家電  ? 吸入器・ネブライザー
2084261392,オークション > 自動車、オートバイ > パーツ > ライト > バルブ > LED > LEDテープ > ブルー,車＆バイク  ? カーパーツ  ? ライト・ランプ  ? LEDテープ>ベルソス(VERSOS)
2084230996,オークション > 家電、AV、カメラ > キッチン、食卓 > 炊飯器 > その他,ホーム＆キッチン  ? 家電  ? キッチン家電  ? 炊飯器・精米器  ? 炊飯器
2084213841,オークション > ビューティー、ヘルスケア > リラクゼーショングッズ > 芳香器 > アロマライト、ランプ,ホーム＆キッチン  ? 家電  ? 照明  ? 屋内照明  ? アロマランプ>Tenswall
2084063366,オークション > ビューティー、ヘルスケア > オーラルケア > その他,ホーム＆キッチン  ? 家電  ? 理美容家電  ? デンタルケア  ? 口腔洗浄器
2084230705,オークション > 自動車、オートバイ > パーツ > ライト > フォグランプ > 社外品 > その他,車＆バイク  ? カーパーツ  ? ライト・ランプ  ? ヘッドライト  ? LEDバルブ
2084055703,オークション > 住まい、インテリア > 防災、セキュリティ > セキュリティ > 防犯カメラ,家電＆カメラ  ? アクセサリ・サプライ  ? AVアクセサリ  ? AV・テレビリモコン>SZMDLX
2084304516,オークション > 住まい、インテリア > 工具、DIY用品 > 建築材料、住宅設備 > 電材、配電用品 > その他,産業・研究開発用品  ? 電設  ? スイッチ
2084251250,オークション > おもちゃ、ゲーム > ホビーラジコン > 飛行機 > パーツ,ホビー  ? ラジコン  ? 車・トラック>DJI
24546,オークション > 住まい、インテリア > ペット用品 > その他,ホーム＆キッチン  ? 家電  ? 照明  ? 電球・蛍光灯
2084262999,オークション > 自動車、オートバイ > アクセサリー > 空気清浄機,ホーム＆キッチン  ? 家電  ? 空調・季節家電  ? 脱臭機>Kaarll
2084061484,オークション > 家電、AV、カメラ > 洗濯、アイロン > その他,ホーム＆キッチン  ? 家電  ? 生活家電  ? アイロン・スチーマー  ? スチームアイロン
2084286642,オークション > 自動車、オートバイ > カーナビ > 液晶保護フィルム、カバー > その他,車＆バイク  ? カーナビ・カーエレクトロニクス  ? カーナビ本体  ? ポータブルナビ・PND
2084197931,オークション > 自動車、オートバイ > パーツ > ライト > 自動車メーカー別 > スズキ用 > テールライト,車＆バイク  ? カーパーツ  ? ライト・ランプ  ? ウィンカー・サイドマーカー>ノーブランド品
23760,オークション > 家電、AV、カメラ > カメラ、光学機器 > アクセサリー > その他,パソコン・周辺機器  ? PCアクセサリ・サプライ  ? メモリーカード  ? microSDカード
2084244282,オークション > 家電、AV、カメラ > キッチン、食卓 > 電気ケトル,ホーム＆キッチン  ? 家電  ? キッチン家電  ? 電気ケトル>ティファール(T-fal)
2084197769,オークション > 自動車、オートバイ > パーツ > ライト > フォグランプ > 純正品 > 日産用,車＆バイク  ? カーパーツ  ? ライト・ランプ  ? ランプセット>NB
2084024447,オークション > 住まい、インテリア > 家庭用品 > 掃除用品 > 掃除一般,ホーム＆キッチン  ? 掃除用品  ? 浴室掃除用スポンジ>ダスキン
